full_name,repo_url
ai_assignments,https://github.com/S-n00b/ai_assignments
tinnet,https://github.com/hlxin/tinnet
q2D-Materials,https://github.com/westrangeloops/q2D-Materials
peak_detection,https://github.com/uw-cmg/peak_detection
supercell_maker,https://github.com/H6rst0n/supercell_maker
Catalysis,https://github.com/Sampa-USP/Catalysis
matagent,https://github.com/izumitkhr/matagent
CLODSH,https://github.com/GitXpresso/CLODSH
aiida-atoms,https://github.com/bonan-group/aiida-atoms
datasets,https://github.com/mesfind/datasets
abipy,https://github.com/GkAntonius/abipy
NeutronScatteringCoverageSimulation,https://github.com/EnjoyXu/NeutronScatteringCoverageSimulation
QD_Builder,https://github.com/nlesc-nano/QD_Builder
lieme,https://github.com/sreeharshab/lieme
CBRdb,https://github.com/ELIFE-ASU/CBRdb
SynCoTrain,https://github.com/sasanamari/SynCoTrain
Kimera_SWM-Codex,https://github.com/IdirBenSlama/Kimera_SWM-Codex
materials,https://github.com/IBM/materials
py4DSTEM,https://github.com/LBEM-CH/py4DSTEM
ocp,https://github.com/arturtoshev/ocp
Ensemble-FF-Fit,https://github.com/Q-CAD/Ensemble-FF-Fit
SOC,https://github.com/nlesc-nano/SOC
CrystalGF,https://github.com/chachapro/CrystalGF
mc-react-phonon-visualizer,https://github.com/materialscloud-org/mc-react-phonon-visualizer
OmniSAM,https://github.com/Ding-Zhong/OmniSAM
PaddleMaterials,https://github.com/PaddlePaddle/PaddleMaterials
FuzzyQD_2.0,https://github.com/nlesc-nano/FuzzyQD_2.0
TFC-PACT-Net,https://github.com/rahulkhorana/TFC-PACT-Net
chem-caption,https://github.com/lamalab-org/chem-caption
maggma,https://github.com/rkingsbury/maggma
NERxiv,https://github.com/JosePizarro3/NERxiv
jarvis_leaderboard,https://github.com/usnistgov/jarvis_leaderboard
goldilocks_kpoints,https://github.com/stfc/goldilocks_kpoints
pMuTT,https://github.com/VlachosGroup/pMuTT
xraylarch,https://github.com/maurov/xraylarch
stb-suite,https://github.com/bastoscmo/stb-suite
icsd_toolkit,https://github.com/esoteric-ephemera/icsd_toolkit
neb-dynamics,https://github.com/mtzgroup/neb-dynamics
mindscience,https://github.com/mindspore-ai/mindscience
graph-id-db,https://github.com/kmu/graph-id-db
HydraGNN,https://github.com/allaffa/HydraGNN
atomsplot,https://github.com/Enry99/atomsplot
web-conexs-app,https://github.com/DiamondLightSource/web-conexs-app
CRYSTALpytools,https://github.com/Spica-Vir/CRYSTALpytools
kim-tools,https://github.com/openkim/kim-tools
NEBula,https://github.com/badw/NEBula
PaddleScience,https://github.com/PaddlePaddle/PaddleScience
rare_earth_cluster_chatbot,https://github.com/unkowned-W/rare_earth_cluster_chatbot
DFT,https://github.com/ChenHongBo0420/DFT
Crystal-Structure-Predictions-Capstone,https://github.com/Leon1849/Crystal-Structure-Predictions-Capstone
BandStructureProj,https://github.com/WyattBunstine/BandStructureProj
chemeleon-dng,https://github.com/hspark1212/chemeleon-dng
GUI-point-defects,https://github.com/bracerino/GUI-point-defects
atomic-graph-partitioning,https://github.com/jaeheonshim/atomic-graph-partitioning
my_script,https://github.com/JLU-ICCMS-MaYuan/my_script
NanoZyme-Agent,https://github.com/yangmutian/NanoZyme-Agent
LLMatDesign-Spring-2025,https://github.com/gabash23/LLMatDesign-Spring-2025
PRDF-CP2K-LAMMPS,https://github.com/bracerino/PRDF-CP2K-LAMMPS
IOT_HUB,https://github.com/PRAISE-ADEYEYE/IOT_HUB
Matching-based-EXtrapolation,https://github.com/panmianzhi/Matching-based-EXtrapolation
CLAMM,https://github.com/ertekin-research-group/CLAMM
SMOACS,https://github.com/AkiraTOSEI/SMOACS
SkylineRAG,https://github.com/DAISYzxy/SkylineRAG
XRDReaderMk4,https://github.com/861360455/XRDReaderMk4
icet-sqs-gui,https://github.com/bracerino/icet-sqs-gui
Dr.XAS,https://github.com/XufanLU/Dr.XAS
plot_fatbands,https://github.com/rahmlab/plot_fatbands
Medical-Chatbot,https://github.com/Arijeet-10/Medical-Chatbot
SimulatedAnnealingLinkerMOF,https://github.com/HoferLab/SimulatedAnnealingLinkerMOF
AI-Enhanced-PDF,https://github.com/sq756/AI-Enhanced-PDF
pourbaix,https://github.com/cefj3002/pourbaix
arcs,https://github.com/equinor/arcs
HORM,https://github.com/deepprinciple/HORM
thermoelectrics,https://github.com/anilkunwar/thermoelectrics
POAT-main,https://github.com/xiaowangfeng/POAT-main
LithiumVision,https://github.com/roy823/LithiumVision
mlplib,https://github.com/nkitamuraQC/mlplib
fairchem,https://github.com/Somanhussain/fairchem
ElaTBot,https://github.com/Grenzlinie/ElaTBot
topo_diffusion,https://github.com/IMSS-Lab/topo_diffusion
CoRE-MOF-Tools,https://github.com/Chung-Research-Group/CoRE-MOF-Tools
confluence-to-gdrive,https://github.com/yoomlam/confluence-to-gdrive
materials-project-mcp,https://github.com/benedictdebrah/materials-project-mcp
MatTools,https://github.com/Grenzlinie/MatTools
actiongraph-testbench,https://github.com/8bitsam/actiongraph-testbench
lematerial-fetcher,https://github.com/LeMaterial/lematerial-fetcher
intergen,https://github.com/SiliconScientist/intergen
pydxd,https://github.com/hpmartins/pydxd
Struct2Flat,https://github.com/Xiangwen-Wang/Struct2Flat
PS-TEROS,https://github.com/DoriniTT/PS-TEROS
qc-configurational-analysis,https://github.com/NQCC-Official/qc-configurational-analysis
slab_creator,https://github.com/KazemZh/slab_creator
pyspectra,https://github.com/atomicarchitects/pyspectra
ai-material-property-prediction,https://github.com/metalsrini/ai-material-property-prediction
Materials-ML-Predictor,https://github.com/alpha4s/Materials-ML-Predictor
MatLLMSearch,https://github.com/JingruG/MatLLMSearch
Level_Up,https://github.com/wensley-rushing/Level_Up
xai_band_gap,https://github.com/masudataichi/xai_band_gap
Cluster_Finder,https://github.com/RajbanulAkhond/Cluster_Finder
494Project,https://github.com/jzatz2/494Project
Crystal-Structure-Prediction,https://github.com/8Fantom8/Crystal-Structure-Prediction
Applications,https://github.com/Gaia-Q-High-Performance-Computing/Applications
catomistic,https://github.com/cjowen1/catomistic
FFKL,https://github.com/tyvanzou/FFKL
AI-Powered-Solar-Optimization,https://github.com/PRAISE-ADEYEYE/AI-Powered-Solar-Optimization
crystal_prediction,https://github.com/zuiguo11/crystal_prediction
Novel_Ionizable_Lipid_Generation,https://github.com/aniruddhaiyengar/Novel_Ionizable_Lipid_Generation
GrooveMat,https://github.com/isaac-perez7053/GrooveMat
freeflow,https://github.com/vir-k01/freeflow
ASL_app,https://github.com/Gauravsaxena816/ASL_app
atelierGAN,https://github.com/Stephane-ISEN/atelierGAN
Spring_System_Simulator,https://github.com/PRAISE-ADEYEYE/Spring_System_Simulator
ase-flow,https://github.com/wch3n/ase-flow
Autonomous-Materials-Discovery-,https://github.com/RishavIITK22/Autonomous-Materials-Discovery-
ParetoCSP2,https://github.com/usccolumbia/ParetoCSP2
torchsim-hepba,https://github.com/MKPBattery/torchsim-hepba
board,https://github.com/happys14/board
X-Repo2Run,https://github.com/terryyz/X-Repo2Run
top-pypi-sdists-full,https://github.com/AA-Turner/top-pypi-sdists-full
AI_project,https://github.com/Vress0/AI_project
carla_stage_manger,https://github.com/hosfeldli/carla_stage_manger
covalent,https://github.com/EchoCog/covalent
MatMMFuse,https://github.com/AbhiroopBhattacharya/MatMMFuse
isomode,https://github.com/mailhexu/isomode
Semiconductor,https://github.com/AI-and-Semiconductor-Technology-Lab/Semiconductor
LiIonConductivityGraphs,https://github.com/dmchaffi/LiIonConductivityGraphs
vdwp,https://github.com/vitroid/vdwp
ece6254-project,https://github.com/nimashoghi/ece6254-project
WatermarkForge,https://github.com/AbhivirSingh/WatermarkForge
GNN_charge_MD,https://github.com/Sudo-Raheel/GNN_charge_MD
CrystalClassification,https://github.com/mylesgrxnt/CrystalClassification
AdaQSPR,https://github.com/luo-junyu/AdaQSPR
egap-qnn-mlp,https://github.com/Mukul596-svg/egap-qnn-mlp
Uni-Gen,https://github.com/wink1e/Uni-Gen
material-compute-agent,https://github.com/dptech-corp/material-compute-agent
easyXRD,https://github.com/MehmetTopsakal/easyXRD
opXRD,https://github.com/aimat-lab/opXRD
segnn,https://github.com/circee/segnn
ParAIsite,https://github.com/liudmylaklochko/ParAIsite
LLMatDesign,https://github.com/ianwilson97/LLMatDesign
dft-sync,https://github.com/SiliconScientist/dft-sync
MatAgent,https://github.com/Xiaobu-USTC/MatAgent
sc25-agentic-mof-workflow,https://github.com/proxystore/sc25-agentic-mof-workflow
JPSI_XAFS_Workshop,https://github.com/nmarcella/JPSI_XAFS_Workshop
pyiron_workflow_vasp,https://github.com/ligerzero-ai/pyiron_workflow_vasp
Reticular-Material-Discovery,https://github.com/geetheswar-v/Reticular-Material-Discovery
mbe-automation,https://github.com/modrzejewski/mbe-automation
xrdlicious-peak-match,https://github.com/bracerino/xrdlicious-peak-match
bandgap-benchmark,https://github.com/Shef-AIRE/bandgap-benchmark
ML-PCH,https://github.com/IonRepo/ML-PCH
MOFh6,https://github.com/lzhzzzzwill/MOFh6
ml_python_apps,https://github.com/Dmitry-Lisitsyn/ml_python_apps
alab_control,https://github.com/CederGroupHub/alab_control
TGDMat,https://github.com/kdmsit/TGDMat
materials-analysis-with-machine-learning,https://github.com/adiarai/materials-analysis-with-machine-learning
NLHE_Database,https://github.com/jwzhukevin/NLHE_Database
maml,https://github.com/exalearn/maml
dpdata,https://github.com/exalearn/dpdata
mcp.science,https://github.com/pathintegral-institute/mcp.science
GNN_for_materials_1,https://github.com/NikLaz25/GNN_for_materials_1
fairchem_q,https://github.com/hongmoxian/fairchem_q
SASA_research_2025,https://github.com/hyeincho12/SASA_research_2025
DFTMonteCarlo,https://github.com/yifan-henry-cao/DFTMonteCarlo
xrd-match-web,https://github.com/dshirya/xrd-match-web
TransMA,https://github.com/wklix/TransMA
Lanchoxie_ads_builder,https://github.com/lanchoxie/Lanchoxie_ads_builder
mattermake,https://github.com/anoopkcn/mattermake
MLWaterHarvesting,https://github.com/giuliobarl/MLWaterHarvesting
MaterialsPrediction,https://github.com/Demi0420/MaterialsPrediction
MatGen,https://github.com/rashmiiiii/MatGen
for_evaluation,https://github.com/saiddddd/for_evaluation
SDC,https://github.com/c1375/SDC
topo-metrics,https://github.com/tcnicholas/topo-metrics
XRD-Viewer,https://github.com/LucasEspargueta/XRD-Viewer
binding-pose-metadynamics,https://github.com/MSDLLCpapers/binding-pose-metadynamics
pytheos,https://github.com/jsivak7/pytheos
flexmof-lammps-interface,https://github.com/livaschar/flexmof-lammps-interface
mcp-atomictoolkit,https://github.com/XirtamEsrevni/mcp-atomictoolkit
RxnNet,https://github.com/rasmusfr/RxnNet
xrdlicious,https://github.com/bracerino/xrdlicious
Discovery-of-Magnetic-Materials-through-Artificial-Intelligence-and-Machine-Learning-techniques,https://github.com/Opara19/Discovery-of-Magnetic-Materials-through-Artificial-Intelligence-and-Machine-Learning-techniques
mapidoc,https://github.com/victory2016/mapidoc
esm-rism,https://github.com/minoru-otani/esm-rism
CO2RR-inverse-design,https://github.com/szl666/CO2RR-inverse-design
Chemical_Reaction_Predictor,https://github.com/Tsimech2000/Chemical_Reaction_Predictor
structure-descriptor-visualizer,https://github.com/bracerino/structure-descriptor-visualizer
phonotune,https://github.com/steffen-wedig/phonotune
secs,https://github.com/lamalab-org/secs
AiSuan,https://github.com/Atlantider/AiSuan
LLMD,https://github.com/taokehao/LLMD
MatEnsemble,https://github.com/Q-CAD/MatEnsemble
mof-generation-at-scale,https://github.com/globus-labs/mof-generation-at-scale
BoardProject,https://github.com/Keka17/BoardProject
pyarrow_dataset,https://github.com/Jona210399/pyarrow_dataset
AIRS,https://github.com/divelab/AIRS
gflownet-signal-miner,https://github.com/jefferythewind/gflownet-signal-miner
mlcommons-hpc,https://github.com/eth-cscs/mlcommons-hpc
GNoME,https://github.com/MiguelGamezL/GNoME
nomad-ICSP,https://github.com/ICSP-LKS/nomad-ICSP
code_visualizer,https://github.com/codesbya8h1/code_visualizer
forge,https://github.com/mstapelberg/forge
MyDeepLearningForMat,https://github.com/kingdol666/MyDeepLearningForMat
DTEGNN,https://github.com/IZugec/DTEGNN
all-atom-diffusion-transformer,https://github.com/facebookresearch/all-atom-diffusion-transformer
XRayPro,https://github.com/AI4ChemS/XRayPro
CRYSTAL_input_gen,https://github.com/n-deveaux/CRYSTAL_input_gen
crystalsizer3d,https://github.com/Shape4PPD/crystalsizer3d
SCDM,https://github.com/PhysiLearn/SCDM
B8_project,https://github.com/joeEndacott/B8_project
a2c_ase,https://github.com/abhijeetgangan/a2c_ase
jax-md,https://github.com/hixio-mh/jax-md
MACE,https://github.com/Camgur/MACE
QUBO_GULP,https://github.com/cmc-ucl/QUBO_GULP
molecular_mass_calculator,https://github.com/aqsa5480/molecular_mass_calculator
H-DB,https://github.com/Gyuri39/H-DB
Prompt_optimization_polymer_electrolytes,https://github.com/bhattadeb34/Prompt_optimization_polymer_electrolytes
Cached-DFL,https://github.com/shawnxiaoyuwang/Cached-DFL
CoREMOF_tools,https://github.com/sxm13/CoREMOF_tools
kinetics,https://github.com/ishikawa-group/kinetics
crystopo,https://github.com/Bartel-Group/crystopo
POSFormer,https://github.com/Rasic2/POSFormer
PH-CGCNN,https://github.com/JFLigroup/PH-CGCNN
intelligent-defect-detection,https://github.com/MakkiAloulou/intelligent-defect-detection
ML-MIX,https://github.com/kermodegroup/ML-MIX
ChgcarCompression,https://github.com/VigneshSK17/ChgcarCompression
pynxtools-spm,https://github.com/FAIRmat-NFDI/pynxtools-spm
python-sketches,https://github.com/btklab/python-sketches
OBELiX,https://github.com/NRC-Mila/OBELiX
janus-core,https://github.com/stfc/janus-core
GT4SD,https://github.com/rohanshorey/GT4SD
bandgap-predictor,https://github.com/carloscastau/bandgap-predictor
supertb,https://github.com/sidubois/supertb
materials-modelling,https://github.com/polbeni/materials-modelling
GB-CGCNN,https://github.com/CNMD-POSTECH/GB-CGCNN
XRD-Matcher,https://github.com/OliynykLab/XRD-Matcher
Materials_Informatics,https://github.com/Deersan/Materials_Informatics
MLE5243_A1_NLP,https://github.com/Asher10012/MLE5243_A1_NLP
Operations-Research-Guided-Graph-Neural-Networks-for-Multi-Property-Regression-in-Materials-Science,https://github.com/kaur-manpreet325/Operations-Research-Guided-Graph-Neural-Networks-for-Multi-Property-Regression-in-Materials-Science
Comformer_uv,https://github.com/karan-mudaliar/Comformer_uv
Bugseek,https://github.com/jiazuolong/Bugseek
MolecularCanvas,https://github.com/isaackogan/MolecularCanvas
tsflearning,https://github.com/Ting-Bao/tsflearning
MatFeaLib,https://github.com/MatFeaLib/MatFeaLib
tomographic-interpretation,https://github.com/PV-Lab/tomographic-interpretation
xrdpattern,https://github.com/aimat-lab/xrdpattern
wulfflow,https://github.com/Surface-Tools/wulfflow
thermoelasticity,https://github.com/anilkunwar/thermoelasticity
OpenGLaDOS,https://github.com/QuantumChemist/OpenGLaDOS
MSEN489_HW3,https://github.com/ichasekatz/MSEN489_HW3
materials-discovery-mattersim,https://github.com/xiaodoushabing/materials-discovery-mattersim
appa,https://github.com/lucasdekam/appa
matex,https://github.com/learningmatter-mit/matex
TF-ChPVK-PV,https://github.com/GarzonDiegoFEUP/TF-ChPVK-PV
BMGcalc,https://github.com/Sachinscnpdl/BMGcalc
goldilocks,https://github.com/stfc/goldilocks
Mattergen-Test,https://github.com/clr4takeoff/Mattergen-Test
mattergen,https://github.com/taiyangsu/mattergen
ai_for_semiconductors,https://github.com/msehabibur/ai_for_semiconductors
handwritten-search,https://github.com/StarlightSearch/handwritten-search
MaterialsInformatics,https://github.com/sp8rks/MaterialsInformatics
DBdatasets,https://github.com/RenanFlorencio/DBdatasets
llm-rag-dbt,https://github.com/EAlmazanG/llm-rag-dbt
AtomProNet,https://github.com/MusannaGalib/AtomProNet
vaspvis,https://github.com/caizefeng/vaspvis
EFM,https://github.com/YuxuanQiu-0325/EFM
2D-molecular-packing,https://github.com/ortmann-lab/2D-molecular-packing
XASDAML,https://github.com/BSRF-XA/XASDAML
Quantum-Imaging,https://github.com/Branden-hub/Quantum-Imaging
Au2LaP,https://github.com/SUNSylvia3/Au2LaP
abacus-magnetic,https://github.com/kirk0830/abacus-magnetic
Sampling-molecules,https://github.com/2253shubham/Sampling-molecules
hashin_shtrikman_mp,https://github.com/carlacupcake/hashin_shtrikman_mp
CrystaLLM-finetune,https://github.com/C-Bone-UCL/CrystaLLM-finetune
CrystalDiffusion,https://github.com/PhysiLearn/CrystalDiffusion
matbench-eval,https://github.com/a11155/matbench-eval
Cl_path_rep,https://github.com/SuthPhy2Ai/Cl_path_rep
chggen,https://github.com/zhongpc/chggen
HEOs-with-GFlowNet,https://github.com/ge28yen/HEOs-with-GFlowNet
Printability_Map_Framework,https://github.com/sofiasheikh05/Printability_Map_Framework
BilayerDistance,https://github.com/lorenzoppx/BilayerDistance
MLE4217_5219_book,https://github.com/deng-group/MLE4217_5219_book
DemoTesting,https://github.com/Rohanrn9882/DemoTesting
DataEngineering,https://github.com/TrippyBubble/DataEngineering
SlabGen,https://github.com/shahabafshar/SlabGen
SpinelOER,https://github.com/E2zzreal/SpinelOER
Transformation_matrix_Calculator,https://github.com/aktariitkgp/Transformation_matrix_Calculator
Machine-Learning-In-Material-Science,https://github.com/woblob/Machine-Learning-In-Material-Science
Energy-GNoME,https://github.com/paolodeangelis/Energy-GNoME
lematerial-hasher,https://github.com/LeMaterial/lematerial-hasher
d2gnn,https://github.com/sandialabs/d2gnn
equitrain,https://github.com/BAMeScience/equitrain
Symplex,https://github.com/Materials-Modelling-Microscopy/Symplex
heroku_api,https://github.com/MunafMorvadia/heroku_api
IDEAL-Refined,https://github.com/Lingyu-Kong/IDEAL-Refined
intermetallics_mod,https://github.com/ryannduma/intermetallics_mod
rheedium,https://github.com/debangshu-mukherjee/rheedium
LEAF,https://github.com/lrcfmd/LEAF
pengWann,https://github.com/PatrickJTaylor/pengWann
geo_angle_distance,https://github.com/alekseyevich180/geo_angle_distance
study_structure_tsuji_lab,https://github.com/alekseyevich180/study_structure_tsuji_lab
ML4Oxi,https://github.com/Pravanop/ML4Oxi
spamBot,https://github.com/PrathamX595/spamBot
sq-llm-docstring-gen-kt,https://github.com/czwiessler/sq-llm-docstring-gen-kt
Computational-Chemistry,https://github.com/vmiranda4/Computational-Chemistry
chgnet_practice,https://github.com/Long-Brian-Yang/chgnet_practice
periodicXTBworkflows,https://github.com/AlexBuccheri/periodicXTBworkflows
nanopore-adsorption-experiment,https://github.com/st4sd/nanopore-adsorption-experiment
ASID,https://github.com/ASID-Production/ASID
chemeleon,https://github.com/hspark1212/chemeleon
mlip-arena,https://github.com/christine-zhang1/mlip-arena
slabvacuum,https://github.com/ShotaNamerikawa/slabvacuum
MM-DTI,https://github.com/ndlongvn/MM-DTI
qe-input,https://github.com/epatyukova/qe-input
eNRRCrew,https://github.com/nkuhuxu/eNRRCrew
mc-react-library,https://github.com/materialscloud-org/mc-react-library
VASP-tools,https://github.com/Tonner-Zech-Group/VASP-tools
m3gnet,https://github.com/CibranLopez/m3gnet
qchem,https://github.com/UWFormulaN/qchem
mgs-lpp-imr-api,https://github.com/richlaver/mgs-lpp-imr-api
OAReactDiff_Paddle,https://github.com/zhiminzhang0830/OAReactDiff_Paddle
ZeoliteSynMetrics,https://github.com/learningmatter-mit/ZeoliteSynMetrics
longSeqRec,https://github.com/fatakWang/longSeqRec
pyphotonics,https://github.com/sheriftawfikabbas/pyphotonics
CTRL-MoE,https://github.com/mk314k/CTRL-MoE
MetaRuleGPT,https://github.com/WangLin1126/MetaRuleGPT
material-science-expert,https://github.com/saj3sh/material-science-expert
AutoDFT,https://github.com/lllangWV/AutoDFT
InterOptimus,https://github.com/HouGroup/InterOptimus
mpgrep,https://github.com/grimme-lab/mpgrep
polaritonic_index,https://github.com/luciacasc/polaritonic_index
heartysis_ai_demo_app,https://github.com/sa1nxz/heartysis_ai_demo_app
pyhtstack2d-master,https://github.com/QianZhang21/pyhtstack2d-master
OmniXAS,https://github.com/AI-multimodal/OmniXAS
AISHLoader,https://github.com/benxlam/AISHLoader
mpcharges,https://github.com/LeMaterial/mpcharges
MaiMLOtherfilesMerger,https://github.com/MaiMLFileHandlingPrograms/MaiMLOtherfilesMerger
ReactionGraphNeuralNetwork,https://github.com/learningmatter-mit/ReactionGraphNeuralNetwork
RLVacDiffSim,https://github.com/learningmatter-mit/RLVacDiffSim
UCT-CHGNet-tunner,https://github.com/Doctor-Wraith/UCT-CHGNet-tunner
WABgen,https://github.com/ovillegasb/WABgen
CGCNN_CS_419,https://github.com/sparsh2712/CGCNN_CS_419
chgnet,https://github.com/Long-Brian-Yang/chgnet
pymatgen-io-espresso,https://github.com/Griffin-Group/pymatgen-io-espresso
illacceptanything,https://github.com/kielmarj/illacceptanything
diep,https://github.com/materialsalchemist/diep
pymatgen-io-mp_archival,https://github.com/esoteric-ephemera/pymatgen-io-mp_archival
3DSC,https://github.com/aimat-lab/3DSC
topas_tools,https://github.com/DarioLewczyk/topas_tools
LUPI-Material-Properties-Prediction,https://github.com/enghock1/LUPI-Material-Properties-Prediction
RAGchat,https://github.com/rartzi/RAGchat
roboticsUI,https://github.com/D3TaLES/roboticsUI
matpes,https://github.com/materialsvirtuallab/matpes
labtools,https://github.com/userleaf/labtools
MCRT,https://github.com/fmggggg/MCRT
matgl_practice,https://github.com/Long-Brian-Yang/matgl_practice
my-structure-info-app-webpage,https://github.com/wyy-py/my-structure-info-app-webpage
build-and-push,https://github.com/ricardonpa/build-and-push
aiida-dmrg,https://github.com/nanotech-empa/aiida-dmrg
shore,https://github.com/geonda/shore
UOP,https://github.com/GenTrajSim/UOP
crystalprint,https://github.com/ppdebreuck/crystalprint
ferrodispcalc,https://github.com/MoseyQAQ/ferrodispcalc
DeeperBand,https://github.com/ljcj007/DeeperBand
ffopt,https://github.com/akvatol/ffopt
welcome-guide,https://github.com/ComCatLab/welcome-guide
ADSEC,https://github.com/drop-ener/ADSEC
AI4SC,https://github.com/Polaris0421/AI4SC
gt4sd-core,https://github.com/elzinga-ibm-research/gt4sd-core
Hybrid-solvating-electrolytes-for-practical-sodium-metal-batteries,https://github.com/acctouhou/Hybrid-solvating-electrolytes-for-practical-sodium-metal-batteries
MEMT680-Project-,https://github.com/ft337/MEMT680-Project-
pyPhysChem,https://github.com/rpoteau/pyPhysChem
icam-materials-database,https://github.com/vikram087/icam-materials-database
food-pantry,https://github.com/tangleon8/food-pantry
Unlabeled_EMG_Feature_Extraction,https://github.com/HerrXu01/Unlabeled_EMG_Feature_Extraction
Interactive_Molecules,https://github.com/hyuqing11/Interactive_Molecules
allogen_cdvae,https://github.com/grzegorzkaszuba/allogen_cdvae
GACSPy,https://github.com/Ocean-JH/GACSPy
Interhalogen_Battery,https://github.com/vidushiss/Interhalogen_Battery
larixite,https://github.com/xraypy/larixite
demo-QA,https://github.com/breadbread1984/demo-QA
SamplingIon-Insertion,https://github.com/ovillegasb/SamplingIon-Insertion
xraypro-web,https://github.com/AI4ChemS/xraypro-web
defectpl,https://github.com/Shibu778/defectpl
SUPERHEX,https://github.com/malaei/SUPERHEX
DataScience_MSF_CDMA,https://github.com/beritzellerplumhoff/DataScience_MSF_CDMA
aiida-dftk,https://github.com/aiidaplugins/aiida-dftk
poshcar,https://github.com/andypaulchen/poshcar
metrics_pipeline,https://github.com/E-Veillon/metrics_pipeline
CalculationExtract,https://github.com/Chen-Zi-Yi/CalculationExtract
bohr_app_pfd,https://github.com/ruoyuwang1995nya/bohr_app_pfd
openmx-wf_modified,https://github.com/AngusHsuPhys/openmx-wf_modified
Image-Captioning,https://github.com/axkk/Image-Captioning
Crystal_Language,https://github.com/Lanford2024/Crystal_Language
pylattice,https://github.com/nkitamuraQC/pylattice
xaelAi,https://github.com/traverseda/xaelAi
crystallite_size_calculator,https://github.com/bafgreat/crystallite_size_calculator
virp,https://github.com/andypaulchen/virp
mxgap,https://github.com/diegonti/mxgap
MatGraphDB,https://github.com/romerogroup/MatGraphDB
all,https://github.com/alphavector/all
NLP4MatSci-HoneyComb,https://github.com/BangLab-UdeM-Mila/NLP4MatSci-HoneyComb
crawfish,https://github.com/benrich37/crawfish
AIDAO1,https://github.com/VladimirKalajcidi/AIDAO1
hydragnn,https://github.com/anikat1/hydragnn
MatDB,https://github.com/lllangWV/MatDB
xrd-app,https://github.com/Chihaya-Fujiwara/xrd-app
scdp,https://github.com/kyonofx/scdp
EDiffCrystals,https://github.com/smglsn12/EDiffCrystals
2024-E-Question-e-of-the-2024-China-Huawei-Cup-postgraduate-mathematical-modeling-competition,https://github.com/xiezhen087/2024-E-Question-e-of-the-2024-China-Huawei-Cup-postgraduate-mathematical-modeling-competition
predict_energy_of_mols,https://github.com/Gruz2520/predict_energy_of_mols
Auto4DSTEM,https://github.com/m3-learning/Auto4DSTEM
pyHRMC,https://github.com/ehrhardtkm/pyHRMC
XRD-AutoAnalyzer,https://github.com/njszym/XRD-AutoAnalyzer
eos_workflow,https://github.com/jingslaw/eos_workflow
Chemistry-I,https://github.com/ElCabris/Chemistry-I
Toxicity_Assessment_of_Metal-Oxide_Nanoparticles,https://github.com/NataliaPapina/Toxicity_Assessment_of_Metal-Oxide_Nanoparticles
materials-project,https://github.com/guyanik/materials-project
GNN_embedding_exctract,https://github.com/zhiqiangcui71/GNN_embedding_exctract
MindDFT,https://github.com/12138xs/MindDFT
Traffic-ai,https://github.com/Aral-Tech/Traffic-ai
Phase-Diagram-Plotter,https://github.com/lucahrens/Phase-Diagram-Plotter
dZiner,https://github.com/mehradans92/dZiner
ContinuouSP,https://github.com/packer-jp/ContinuouSP
xrdsim,https://github.com/Jona210399/xrdsim
MOF-oxo,https://github.com/Jonathanlyj/MOF-oxo
cgcnn2,https://github.com/jcwang587/cgcnn2
modnet_gnn_enhanced_v0.2.1,https://github.com/rogeriog/modnet_gnn_enhanced_v0.2.1
inspired,https://github.com/neutrons/inspired
MasterThesis,https://github.com/FranK1308/MasterThesis
lsmetrics,https://github.com/anoopkcn/lsmetrics
DebyeCalculator,https://github.com/FrederikLizakJohansen/DebyeCalculator
TrapLimitedConversion,https://github.com/WMD-group/TrapLimitedConversion
mlrap,https://github.com/TMM-Group/mlrap
multiel_exp_lib,https://github.com/gudasergey/multiel_exp_lib
example-distro,https://github.com/blueraft/example-distro
opencv-2024,https://github.com/peter2317238492/opencv-2024
mattersim,https://github.com/microsoft/mattersim
Fe_alloy_GPR,https://github.com/jingsk/Fe_alloy_GPR
Assignments-Projects,https://github.com/ImranSeven/Assignments-Projects
CoPirate,https://github.com/carissacullen/CoPirate
aiida-impuritysupercellconv,https://github.com/positivemuon/aiida-impuritysupercellconv
curie,https://github.com/m-k-S/curie
deepatom,https://github.com/selvachandrasekaranselvaraj/deepatom
librecalphad,https://github.com/mfrichtl/librecalphad
Model,https://github.com/TechShtormHackaton/Model
AI-enabled-HTE-Li-Production,https://github.com/shmouses/AI-enabled-HTE-Li-Production
NLP_LLM_RAGAgent_PromptEngineering,https://github.com/hasanjawad001/NLP_LLM_RAGAgent_PromptEngineering
MEGnet-BTP,https://github.com/SAI-ADITY-A/MEGnet-BTP
findmagsym,https://github.com/yuanlinding/findmagsym
credit-scoring-demo,https://github.com/Kubar-Labs/credit-scoring-demo
xtal_lego,https://github.com/MaterSim/xtal_lego
BlockMed,https://github.com/an4Clar4/BlockMed
unconvbench,https://github.com/howardwang1997/unconvbench
SLICES,https://github.com/xiaohang007/SLICES
materials_code,https://github.com/1767391352/materials_code
Inverse-Design-of-Materials-with-AI,https://github.com/ayieko168/Inverse-Design-of-Materials-with-AI
RMC-fung,https://github.com/henryyjiang/RMC-fung
SHG_dev,https://github.com/jduffy0121/SHG_dev
CySecBERT,https://github.com/PEASEC/CySecBERT
test-distro,https://github.com/blueraft/test-distro
nomad-distro,https://github.com/blueraft/nomad-distro
re2fractive,https://github.com/modl-uclouvain/re2fractive
puppy,https://github.com/badw/puppy
GPTFF,https://github.com/atomly-materials-research-lab/GPTFF
ad_hoc_information_extraction,https://github.com/SatanuG/ad_hoc_information_extraction
VASP-GUI,https://github.com/manassharma07/VASP-GUI
APEX-devel-1.2.0,https://github.com/XFShii/APEX-devel-1.2.0
sustainability,https://github.com/insilicomedicine/sustainability
pyiron_nodes,https://github.com/pyiron/pyiron_nodes
run_defects,https://github.com/jmmshn/run_defects
ShotgunCSP,https://github.com/TsumiNa/ShotgunCSP
atomate-custom,https://github.com/defectmrE/atomate-custom
Global-Travel-Navigater-,https://github.com/ryu1mv7/Global-Travel-Navigater-
CRYSTALClear,https://github.com/crystaldevs/CRYSTALClear
aiida-atomistic,https://github.com/aiidateam/aiida-atomistic
active-csp,https://github.com/stefaanhessmann/active-csp
abvio,https://github.com/wladerer/abvio
AICON,https://github.com/chimuliuyun/AICON
Text-to-BatteryRecipe,https://github.com/KIST-CSRC/Text-to-BatteryRecipe
gbcompare,https://github.com/braxtonowens/gbcompare
ml-hydrides-software,https://github.com/tapashreepradhan/ml-hydrides-software
HEA_ML,https://github.com/devCMRL/HEA_ML
FusionCLM,https://github.com/Yutong-Lu/FusionCLM
Heterojunction-Metal-Organic-Framework-Photocataysts,https://github.com/MoinKhwaja/Heterojunction-Metal-Organic-Framework-Photocataysts
GASP_py_parallel,https://github.com/TaoLiang120/GASP_py_parallel
GASP_py,https://github.com/TaoLiang120/GASP_py
SEAKMC_py_parallel,https://github.com/TaoLiang120/SEAKMC_py_parallel
SEAKMC_py,https://github.com/TaoLiang120/SEAKMC_py
surface-sampling,https://github.com/learningmatter-mit/surface-sampling
matextract-book,https://github.com/lamalab-org/matextract-book
pacmof2,https://github.com/snurr-group/pacmof2
atomRDF,https://github.com/pyscal/atomRDF
XRD_plot,https://github.com/apurba-apm/XRD_plot
VASP-scripts,https://github.com/EDED2314/VASP-scripts
spectrojotometer,https://github.com/mmatera/spectrojotometer
Megnet_stuff,https://github.com/Lepip/Megnet_stuff
2021290209,https://github.com/Clound-Computing/2021290209
docker_mamba,https://github.com/krishnaa423/docker_mamba
DISCOVERY-OF-NOVEL-2D-MATERIALS,https://github.com/AyushRaj1203/DISCOVERY-OF-NOVEL-2D-MATERIALS
warmstart,https://github.com/hissmell/warmstart
conditional-crystal-generation,https://github.com/AIRI-Institute/conditional-crystal-generation
package_band_Litihum,https://github.com/Topology-Litihum/package_band_Litihum
pipy_server,https://github.com/Lyn4ever29/pipy_server
aceflow,https://github.com/vir-k01/aceflow
CrystalPrinter,https://github.com/CrystalCrafters/CrystalPrinter
GPR-HAT-barrier-prediction,https://github.com/evulan/GPR-HAT-barrier-prediction
pymatcc,https://github.com/damdaepark/pymatcc
FakeNet-MetaAdapt,https://github.com/ml-master/FakeNet-MetaAdapt
crystalformer-app,https://github.com/SchrodingersCattt/crystalformer-app
MetaAdapt,https://github.com/ml-master/MetaAdapt
matgenb,https://github.com/materialsvirtuallab/matgenb
GNN-materials,https://github.com/polbeni/GNN-materials
vitrum,https://github.com/R-Chr/vitrum
myStructure,https://github.com/jiang-yuha0/myStructure
success2,https://github.com/MKMKMKMKMKMKMMKMKMK/success2
XANESNN,https://github.com/ninarina12/XANESNN
question-generator,https://github.com/aamodvarma/question-generator
fairmat-tutorial-14-computational-plugins,https://github.com/FAIRmat-NFDI/fairmat-tutorial-14-computational-plugins
ZoMBI-Hop,https://github.com/PV-Lab/ZoMBI-Hop
AI4MOF,https://github.com/AI4Science-cloud/AI4MOF
ALIGNN-BERT-TL-crystal,https://github.com/Jonathanlyj/ALIGNN-BERT-TL-crystal
OvitoElfcarReader,https://github.com/akwarii/OvitoElfcarReader
aims_cube,https://github.com/caizefeng/aims_cube
mofsynth,https://github.com/livaschar/mofsynth
CrystGen,https://github.com/SchrodingersCattt/CrystGen
TransBind_Server,https://github.com/TokiTahmid64/TransBind_Server
electrolyte_kg,https://github.com/breadbread1984/electrolyte_kg
atomID,https://github.com/Materials-Data-Science-and-Informatics/atomID
renderCubeFile,https://github.com/JustusStephani/renderCubeFile
DFTDataFrame,https://github.com/c-cppx/DFTDataFrame
CGAT,https://github.com/lanchoxie/CGAT
reaction_path,https://github.com/breadbread1984/reaction_path
cdvae_xrd,https://github.com/gabeguo/cdvae_xrd
utils,https://github.com/ligerzero-ai/utils
gflownet,https://github.com/milaforscience/gflownet
crystine,https://github.com/anandsr724/crystine
phonon_prediction,https://github.com/RyotaroOKabe/phonon_prediction
qm9star_query,https://github.com/gentle1999/qm9star_query
my,https://github.com/siyuyuyu/my
scBIT,https://github.com/77YQ77/scBIT
broad-binding,https://github.com/SiliconScientist/broad-binding
NJmat-source-code-UI,https://github.com/huangyiru123/NJmat-source-code-UI
ml-for-material-science-tutorials,https://github.com/designhak/ml-for-material-science-tutorials
pdos_gnn,https://github.com/ineporozhnii/pdos_gnn
dfttk,https://github.com/PhasesResearchLab/dfttk
NomadRobotLab,https://github.com/LarsvdBrandt/NomadRobotLab
Material-discovery,https://github.com/suho6347/Material-discovery
DiffCSPNew,https://github.com/RomanovIgnat/DiffCSPNew
Nomad-battery,https://github.com/u-gajera/Nomad-battery
mofgraph2vec,https://github.com/XiaoqZhang/mofgraph2vec
google-docs,https://github.com/j-bull2003/google-docs
MLOps,https://github.com/Sirilukkan/MLOps
tesi-magistrale,https://github.com/visika/tesi-magistrale
diploma,https://github.com/Iuliia1Andreeva/diploma
radical-ai-demo,https://github.com/saagars/radical-ai-demo
PerovskiteMLModel,https://github.com/aboys-cb/PerovskiteMLModel
Subgraph_algorithm,https://github.com/PKUSZSAM/Subgraph_algorithm
ReNAE,https://github.com/CoReACTER/ReNAE
AnisoNet,https://github.com/virtualatoms/AnisoNet
matproj_snap_2023,https://github.com/eshark9312/matproj_snap_2023
traffic_light_control_DQN,https://github.com/dongspam0209/traffic_light_control_DQN
pyet-mc,https://github.com/JaminMartin/pyet-mc
PyRHEED,https://github.com/yux1991/PyRHEED
fantastx-lite,https://github.com/kvs11/fantastx-lite
DART,https://github.com/pranavAL/DART
HamEPC,https://github.com/QuantumLab-ZY/HamEPC
LLMs_NLPs_GenerativeAI,https://github.com/Sirilukkan/LLMs_NLPs_GenerativeAI
data_TiOF2,https://github.com/bjmorgan/data_TiOF2
ct-UAE,https://github.com/fduabinitio/ct-UAE
AdsorbDiff,https://github.com/AdeeshKolluru/AdsorbDiff
foundry,https://github.com/cyschneck/foundry
CrAKN,https://github.com/jonathanBalasingham/CrAKN
EDA_IDC,https://github.com/Rogalik616/EDA_IDC
matminer-webapp,https://github.com/epunzal2/matminer-webapp
PACMAN-charge,https://github.com/Chung-Research-Group/PACMAN-charge
mb_vasp_workflow,https://github.com/benben1984/mb_vasp_workflow
openad-service-moler,https://github.com/acceleratedscience/openad-service-moler
physical_band_potentials,https://github.com/yousof96/physical_band_potentials
nomad-porous-materials,https://github.com/FAIRmat-NFDI/nomad-porous-materials
LLM_Hackathon_2024,https://github.com/kaueltzen/LLM_Hackathon_2024
DAS_workflows,https://github.com/janklinux/DAS_workflows
tribosurf,https://github.com/fyalcin/tribosurf
mono_repoify,https://github.com/misko/mono_repoify
eeg_preprocessing_cst,https://github.com/Sam54000/eeg_preprocessing_cst
ct-UAEs,https://github.com/jinluo12345/ct-UAEs
CrySPR,https://github.com/Tosykie/CrySPR
GCNNKeras,https://github.com/RachidBOUSBAA/GCNNKeras
DarkMAGIC,https://github.com/Griffin-Group/DarkMAGIC
clagen-sandbox,https://github.com/B-Gendron/clagen-sandbox
mof-properties-prediction,https://github.com/ricet8ur/mof-properties-prediction
elec-chem-dev,https://github.com/imagdau/elec-chem-dev
xtal,https://github.com/utksi/xtal
whsun-viz,https://github.com/nrdavid/whsun-viz
quantum-codex,https://github.com/oashour/quantum-codex
alchemical-mlip,https://github.com/learningmatter-mit/alchemical-mlip
ThermoScreening,https://github.com/MolarVerse/ThermoScreening
DWBuilder,https://github.com/mzkhalid039/DWBuilder
openad-service-gen,https://github.com/acceleratedscience/openad-service-gen
python_teaching,https://github.com/tpurcell90/python_teaching
openad-service-prop,https://github.com/acceleratedscience/openad-service-prop
openlam,https://github.com/deepmodeling/openlam
prashant-workshop,https://github.com/pkmohite/prashant-workshop
MolTailor,https://github.com/SCIR-HI/MolTailor
MLFeatures4Materials,https://github.com/TimoSommer/MLFeatures4Materials
transfernet,https://github.com/uw-cmg/transfernet
water_cluster_density_errors,https://github.com/esoteric-ephemera/water_cluster_density_errors
tracking_progress_metallic_materials,https://github.com/kun-ou-projects/tracking_progress_metallic_materials
pwtk,https://github.com/rajeshprasanth/pwtk
gnn-tl,https://github.com/TShiotaSS/gnn-tl
mp_tests,https://github.com/EFuem/mp_tests
AI4Materials_EvaluationTool,https://github.com/YKTian-x2b/AI4Materials_EvaluationTool
Nudge-Reminder,https://github.com/youssef-ahmmed/Nudge-Reminder
HAppend,https://github.com/xingyu-alfred-liu/HAppend
findTDE,https://github.com/hauck-as/findTDE
matsci,https://github.com/shenxu84/matsci
VoltCraft,https://github.com/ruoyuwang1995nya/VoltCraft
ecif,https://github.com/emotionor/ecif
pjvasp_package,https://github.com/ShengLin1001/pjvasp_package
made,https://github.com/Exabyte-io/made
local,https://github.com/XinWang-OU/local
wannier-app,https://github.com/philikarus/wannier-app
CCMMOE,https://github.com/zyyyfd/CCMMOE
Open-AD-Model-Service,https://github.com/acceleratedscience/Open-AD-Model-Service
spbnet,https://github.com/tyvanzou/spbnet
ions,https://github.com/dembart/ions
CoRE-MOF,https://github.com/coudertlab/CoRE-MOF
PolyatomicComplexes,https://github.com/rahulkhorana/PolyatomicComplexes
MultiMat,https://github.com/clott3/MultiMat
Practical_Course_Long_Range_Interactions_in_Crystal_Structures,https://github.com/HerrXu01/Practical_Course_Long_Range_Interactions_in_Crystal_Structures
pypi-to-spack-package,https://github.com/spack/pypi-to-spack-package
ft_chgnet,https://github.com/nyakiri0726/ft_chgnet
atomate2-turbomole,https://github.com/Matgenix/atomate2-turbomole
CrystalFormer,https://github.com/deepmodeling/CrystalFormer
emmet,https://github.com/njzjz/emmet
Gmonte,https://github.com/shimano-yuho/Gmonte
ElMTree,https://github.com/lrcfmd/ElMTree
model_piezoelectric,https://github.com/uw-cmg/model_piezoelectric
model_thermal_conductivity,https://github.com/uw-cmg/model_thermal_conductivity
model_perovskite_Habs,https://github.com/uw-cmg/model_perovskite_Habs
model_Mg_alloy,https://github.com/uw-cmg/model_Mg_alloy
model_semiconductor_lvls,https://github.com/uw-cmg/model_semiconductor_lvls
model_thermalcond_aflow,https://github.com/uw-cmg/model_thermalcond_aflow
model_thermalexp_aflow,https://github.com/uw-cmg/model_thermalexp_aflow
model_RPV_TTS,https://github.com/uw-cmg/model_RPV_TTS
model_phonon_freq,https://github.com/uw-cmg/model_phonon_freq
model_perovskite_Opband,https://github.com/uw-cmg/model_perovskite_Opband
model_exfoliationE,https://github.com/uw-cmg/model_exfoliationE
model_diffusion,https://github.com/uw-cmg/model_diffusion
model_superconductivity,https://github.com/uw-cmg/model_superconductivity
model_steel_yield,https://github.com/uw-cmg/model_steel_yield
model_perovskite_workfunction,https://github.com/uw-cmg/model_perovskite_workfunction
model_perovskite_stability,https://github.com/uw-cmg/model_perovskite_stability
model_perovskite_tec,https://github.com/uw-cmg/model_perovskite_tec
model_perovskite_formationE,https://github.com/uw-cmg/model_perovskite_formationE
model_perovskite_conductivity,https://github.com/uw-cmg/model_perovskite_conductivity
model_perovskite_ASR,https://github.com/uw-cmg/model_perovskite_ASR
model_oxide_vacancy,https://github.com/uw-cmg/model_oxide_vacancy
model_metallicglass_Rc_LLM,https://github.com/uw-cmg/model_metallicglass_Rc_LLM
model_metallicglass_Rc,https://github.com/uw-cmg/model_metallicglass_Rc
model_metallicglass_Dmax,https://github.com/uw-cmg/model_metallicglass_Dmax
model_Li_conductivity,https://github.com/uw-cmg/model_Li_conductivity
model_heusler,https://github.com/uw-cmg/model_heusler
model_hea_hardness,https://github.com/uw-cmg/model_hea_hardness
model_elastic_tensor,https://github.com/uw-cmg/model_elastic_tensor
model_double_perovskite_gap,https://github.com/uw-cmg/model_double_perovskite_gap
model_concrete,https://github.com/uw-cmg/model_concrete
Custom-Design-of-2D-based-Materials,https://github.com/gmp007/Custom-Design-of-2D-based-Materials
porran,https://github.com/marko-petkovic/porran
e3nn-models,https://github.com/shiangfang/e3nn-models
phonax,https://github.com/atomicarchitects/phonax
pyvanadium,https://github.com/MnM-computation-subgroup/pyvanadium
piml_glass_forming_ability,https://github.com/CitrineInformatics-ERD-public/piml_glass_forming_ability
isdpainn,https://github.com/nmdl-mizo/isdpainn
atomate2-lammps,https://github.com/Matgenix/atomate2-lammps
crystallograpy,https://github.com/alexhernandezgarcia/crystallograpy
diffusion_for_multi_scale_molecular_dynamics,https://github.com/mila-iqia/diffusion_for_multi_scale_molecular_dynamics
FAVAL_ARANet,https://github.com/wwyalice/FAVAL_ARANet
auto-electrocatalyst-discovery,https://github.com/aced-differentiate/auto-electrocatalyst-discovery
model_dielectric,https://github.com/uw-cmg/model_dielectric
model_debyeT_aflow,https://github.com/uw-cmg/model_debyeT_aflow
model_bandgap,https://github.com/uw-cmg/model_bandgap
aim2dat,https://github.com/aim2dat/aim2dat
CrystalGenerativeModels,https://github.com/fangzel/CrystalGenerativeModels
ChemAPI,https://github.com/remiBoudreau/ChemAPI
dash-fastapi-public,https://github.com/nrdavid/dash-fastapi-public
RGNN,https://github.com/hustmeng/RGNN
boltztrap2_aims_utils,https://github.com/yaoyi92/boltztrap2_aims_utils
ArtiSAN_Clean,https://github.com/Jotels/ArtiSAN_Clean
mdproptools,https://github.com/molmd/mdproptools
topaspy,https://github.com/tom-wood/topaspy
Make_QE_file,https://github.com/souno1218/Make_QE_file
cp2k_utils,https://github.com/isaacmackley/cp2k_utils
xsorb,https://github.com/Enry99/xsorb
DiabetesPredictionApp,https://github.com/ifylala/DiabetesPredictionApp
UVVIS,https://github.com/Songyosk/UVVIS
HTESP,https://github.com/Neraaz/HTESP
radDefects,https://github.com/hauck-as/radDefects
spacetime-sym,https://github.com/bogdan-tanygin/spacetime-sym
dflow-galaxy,https://github.com/link89/dflow-galaxy
dftutils,https://github.com/Alexandre-M-Silva/dftutils
crystal-design,https://github.com/chandar-lab/crystal-design
COGITO_COHP,https://github.com/olipemil/COGITO_COHP
teaching-student-strategy,https://github.com/A-zhudong/teaching-student-strategy
EwaldThis,https://github.com/smarwin/EwaldThis
MPDD-X,https://github.com/amkrajewski/MPDD-X
435,https://github.com/originalmaker123/435
mol,https://github.com/wladerer/mol
ocp_poetry,https://github.com/nyakiri0726/ocp_poetry
predict_properties,https://github.com/antonf-ekb/predict_properties
MaterialsSearching,https://github.com/DCChemistry/MaterialsSearching
dnaZymeWeb,https://github.com/GenerativeMolMachines/dnaZymeWeb
QD4CSP,https://github.com/adaptive-intelligent-robotics/QD4CSP
MatDesign,https://github.com/Jiaxuan-Ma/MatDesign
django-porto,https://github.com/aakmalf/django-porto
Python-Programming-Fundamentals,https://github.com/MichaelAPC04/Python-Programming-Fundamentals
CrystaLLM,https://github.com/lantunes/CrystaLLM
GPS-TS,https://github.com/CoReACTER/GPS-TS
cathodedataextractor,https://github.com/GGNoWayBack/cathodedataextractor
QtDraw,https://github.com/CMT-MU/QtDraw
xsam,https://github.com/mikmaksi/xsam
band-gaps,https://github.com/m-k-S/band-gaps
GenerativeModels,https://github.com/CibranLopez/GenerativeModels
elastool_aims,https://github.com/yaoyi92/elastool_aims
MOF-Generator-,https://github.com/shazam37/MOF-Generator-
aiida-aimall,https://github.com/kmlefran/aiida-aimall
DenseGNN,https://github.com/dhw059/DenseGNN
MOFDiff,https://github.com/microsoft/MOFDiff
nomad,https://github.com/northvolt/nomad
Material_Attention_Network,https://github.com/lllangWV/Material_Attention_Network
ga-tech-workshop,https://github.com/CitrineInformatics/ga-tech-workshop
MOQD-CSP,https://github.com/adaptive-intelligent-robotics/MOQD-CSP
express,https://github.com/Exabyte-io/express
crystal_band_gap,https://github.com/mdhyaksa/crystal_band_gap
care,https://github.com/LopezGroup-ICIQ/care
Periodic-Set-Transformer,https://github.com/jonathanBalasingham/Periodic-Set-Transformer
defects_workflow,https://github.com/ireaml/defects_workflow
crystal-viewer,https://github.com/pragmatic-dash/crystal-viewer
openmx-wf,https://github.com/tsaie79/openmx-wf
HEA_prediction,https://github.com/nicholasjbeaver/HEA_prediction
TrajectoryTools,https://github.com/ChrisDavi3s/TrajectoryTools
Interstitial-Finder,https://github.com/sata-deep/Interstitial-Finder
optimade-maker,https://github.com/materialscloud-org/optimade-maker
MineralPhysics,https://github.com/jakeacquadro/MineralPhysics
pyCSRO,https://github.com/yanglonggroup/pyCSRO
VibraNT,https://github.com/ninarina12/VibraNT
material-project,https://github.com/volyachka/material-project
WF-RF-Model,https://github.com/d2r2group/WF-RF-Model
GANN,https://github.com/YuanbinLiu/GANN
compare_geoms,https://github.com/kumaranu/compare_geoms
plastic-crystal-predictor,https://github.com/badw/plastic-crystal-predictor
DeltaSpinKit,https://github.com/caizefeng/DeltaSpinKit
crystal-gnn-pyg,https://github.com/hspark1212/crystal-gnn-pyg
PACMANCharge_web,https://github.com/sxm13/PACMANCharge_web
CrystalSpace,https://github.com/WMD-group/CrystalSpace
PT-app,https://github.com/DGLadha/PT-app
CAGSTGMN,https://github.com/tsimiho/CAGSTGMN
ABACUS-Pseudopot-Nao-Square,https://github.com/kirk0830/ABACUS-Pseudopot-Nao-Square
nebmake-mol,https://github.com/ShaneLogic/nebmake-mol
gColabNotebooks,https://github.com/p14c31355/gColabNotebooks
Lab,https://github.com/lakhanlaldft/Lab
cif2x,https://github.com/issp-center-dev/cif2x
PrEnergy,https://github.com/m-v-arruda/PrEnergy
TransLNP,https://github.com/wklix/TransLNP
jaqpotpy,https://github.com/ntua-unit-of-control-and-informatics/jaqpotpy
TomatoDiseaseClassificationDetection,https://github.com/suryachand2k1/TomatoDiseaseClassificationDetection
gemdat-notebooks,https://github.com/GEMDAT-repos/gemdat-notebooks
CoGN_PyG,https://github.com/vedant-kodolkar/CoGN_PyG
singing-materials-online,https://github.com/NU-CEM/singing-materials-online
StructurePrompting,https://github.com/nguyennd9192/StructurePrompting
e3nn-eform,https://github.com/rpw199912j/e3nn-eform
CrysX-CompChem-File-Converter,https://github.com/manassharma07/CrysX-CompChem-File-Converter
vasp_scripts,https://github.com/Pravanop/vasp_scripts
DigitalBeamline,https://github.com/AI-multimodal/DigitalBeamline
matgfn,https://github.com/flaviucipcigan/matgfn
deep-crystallography-public,https://github.com/gabeguo/deep-crystallography-public
polyflexmd,https://github.com/RikiTikkiTavi/polyflexmd
dp-cdvae,https://github.com/trachote/dp-cdvae
atomate-CRD,https://github.com/mbagheri20/atomate-CRD
pydefect_2d,https://github.com/kumagai-group/pydefect_2d
materials_discovery,https://github.com/google-deepmind/materials_discovery
Eliashberg,https://github.com/TheoWeinberger/Eliashberg
ionic-sub-RS,https://github.com/jnbrodrigues/ionic-sub-RS
Single-Cell-Perturbations-dl-project,https://github.com/antoniibelyshev/Single-Cell-Perturbations-dl-project
aiidalab-qe-muon,https://github.com/aiidalab/aiidalab-qe-muon
community-tools,https://github.com/CitrineInformatics/community-tools
pymatgen-io-validation,https://github.com/materialsproject/pymatgen-io-validation
struct-searcher,https://github.com/t-iwamura/struct-searcher
BayesianOpt4dftu,https://github.com/caizefeng/BayesianOpt4dftu
puffin,https://github.com/qcscine/puffin
cdvae-replica,https://github.com/packer-jp/cdvae-replica
nomad-parser-plugin-abacus,https://github.com/nomad-coe/nomad-parser-plugin-abacus
pseudodojo,https://github.com/PseudoDojo/pseudodojo
Jah-Podi-Poneis,https://github.com/Servilha-coder/Jah-Podi-Poneis
dfml-alter,https://github.com/ahao121388/dfml-alter
hpc_results_v3.0,https://github.com/mlcommons/hpc_results_v3.0
eunomia,https://github.com/mehradans92/eunomia
deftpy2,https://github.com/ethannussinov/deftpy2
surfflow,https://github.com/fyalcin/surfflow
CAMIWorkshop,https://github.com/andim53/CAMIWorkshop
glass-cluster,https://github.com/hongthepotato/glass-cluster
dpexample,https://github.com/beform88/dpexample
vsh,https://github.com/wladerer/vsh
2D-mag-GNN,https://github.com/rashigeek/2D-mag-GNN
QSAR,https://github.com/tahiri-lab/QSAR
MaterialsDeepLearning,https://github.com/andim53/MaterialsDeepLearning
IMCATHEA,https://github.com/subediupadesh/IMCATHEA
ASR_model,https://github.com/uw-cmg/ASR_model
deftpy_test,https://github.com/avi-i/deftpy_test
Crystal_DAkit,https://github.com/ixsluo/Crystal_DAkit
GBFS4MPPML,https://github.com/Songyosk/GBFS4MPPML
OgreInterface-app,https://github.com/DerekDardzinski/OgreInterface-app
TutorialAtomate2Forcefields,https://github.com/JaGeo/TutorialAtomate2Forcefields
OgreInterface-eforge,https://github.com/DerekDardzinski/OgreInterface-eforge
matsciml,https://github.com/IntelLabs/matsciml
MOF-Py,https://github.com/skethirajan/MOF-Py
MaMoMo,https://github.com/Curtaz/MaMoMo
cinola-pyiron-workflow,https://github.com/s4b7r/cinola-pyiron-workflow
sumo,https://github.com/skyakb1/sumo
ex_matgl,https://github.com/pfnet-research/ex_matgl
MPpredictor,https://github.com/NU-CUCIS/MPpredictor
MaterialsDataCollection,https://github.com/materialsCnicCas/MaterialsDataCollection
OgreInterface-webapp,https://github.com/DerekDardzinski/OgreInterface-webapp
asimtools,https://github.com/BattModels/asimtools
SyFES,https://github.com/foxtran/SyFES
IFermi,https://github.com/fermisurfaces/IFermi
DeepMuon,https://github.com/Airscker/DeepMuon
chic,https://github.com/tcnicholas/chic
LRURec,https://github.com/yueqirex/LRURec
gptchem,https://github.com/kjappelbaum/gptchem
pymaterials,https://github.com/materials-toolkits/pymaterials
Crescendo,https://github.com/matthewcarbone/Crescendo
VolumeElement-Potentials,https://github.com/binxi0629/VolumeElement-Potentials
awesome_atomistic_visualizations,https://github.com/danieleongari/awesome_atomistic_visualizations
embedding,https://github.com/nanofecu/embedding
AreaC-Tutorial-CECAM-2023,https://github.com/FAIRmat-NFDI/AreaC-Tutorial-CECAM-2023
RL_materials_generation,https://github.com/eltonpan/RL_materials_generation
iBRNet,https://github.com/GuptaVishu2002/iBRNet
CADS_latest_kurihara,https://github.com/fumifumikurikuri0425/CADS_latest_kurihara
MPEA_HV-EL,https://github.com/Sachinscnpdl/MPEA_HV-EL
ai2mc-kit,https://github.com/lhycms/ai2mc-kit
vasp_manager,https://github.com/dgaines2/vasp_manager
moxel,https://github.com/adosar/moxel
crystal-gnn,https://github.com/hspark1212/crystal-gnn
randomcarbon,https://github.com/modl-uclouvain/randomcarbon
MICON,https://github.com/microsoft/MICON
pulgon_tools,https://github.com/pulgon-project/pulgon_tools
QuantumNet,https://github.com/Xiaoyu-Ouyang/QuantumNet
XRD_MARS,https://github.com/teddyalexandre/XRD_MARS
Axiomatic-Aggregations-of-Abductive-Explanations,https://github.com/elitalobo/Axiomatic-Aggregations-of-Abductive-Explanations
neural-structure-field,https://github.com/omron-sinicx/neural-structure-field
dos-plotter,https://github.com/ugognw/dos-plotter
ml2dft,https://github.com/joaocassianox7x/ml2dft
RMC-fung-,https://github.com/henryjiang1/RMC-fung-
StarryNN-TE,https://github.com/kumagallium/StarryNN-TE
ParetoCSP,https://github.com/sadmanomee/ParetoCSP
pycoordinationnet,https://github.com/pbenner/pycoordinationnet
htdft-uq,https://github.com/CitrineInformatics-ERD-public/htdft-uq
crystalview,https://github.com/resnant/crystalview
pyEQL,https://github.com/KingsburyLab/pyEQL
Ternary-Metal-Nitrides-Research,https://github.com/ayieko168/Ternary-Metal-Nitrides-Research
pycrystallography,https://github.com/kvmani/pycrystallography
aiida_core,https://github.com/greschd/aiida_core
aiida-vasp,https://github.com/greschd/aiida-vasp
graph_id_supp_info,https://github.com/kmu/graph_id_supp_info
rafbl,https://github.com/lcmd-epfl/rafbl
M2Hub,https://github.com/yuanqidu/M2Hub
AlumSphere,https://github.com/manipta/AlumSphere
AlphaMat,https://github.com/CodingWZL/AlphaMat
smiles-cl,https://github.com/Rostlab/smiles-cl
WFacer,https://github.com/CederGroupHub/WFacer
dlio_ml_workloads,https://github.com/kaushikvelusamy/dlio_ml_workloads
pid_PORMAKE,https://github.com/SanggyuChong/pid_PORMAKE
r4-project,https://github.com/epfl-theos/r4-project
RIPER-Tools-for-TURBOMOLE,https://github.com/manassharma07/RIPER-Tools-for-TURBOMOLE
autoplex,https://github.com/autoatml/autoplex
XDATCAR_extractor,https://github.com/fforrester/XDATCAR_extractor
material_calc,https://github.com/souliot/material_calc
matcalc,https://github.com/materialsvirtuallab/matcalc
FTCP-pytorch,https://github.com/irumeria/FTCP-pytorch
humanactivityrecognition_portfolio,https://github.com/rakawanegan/humanactivityrecognition_portfolio
mofstructure,https://github.com/bafgreat/mofstructure
MEGNetSparse,https://github.com/HSE-LAMBDA/MEGNetSparse
molgnn,https://github.com/mesfind/molgnn
tinnet_website,https://github.com/SaiNikhita/tinnet_website
HamGNN,https://github.com/QuantumLab-ZY/HamGNN
potdata,https://github.com/wengroup/potdata
python-powder-diffraction,https://github.com/jschuetzke/python-powder-diffraction
CGCNN_4_binding_energy,https://github.com/AtrCheema/CGCNN_4_binding_energy
MDsampler,https://github.com/bowen-bd/MDsampler
airss-m3gnet-test,https://github.com/zhubonan/airss-m3gnet-test
crysmmnet,https://github.com/kdmsit/crysmmnet
catflow,https://github.com/Cloudac7/catflow
matten,https://github.com/wengroup/matten
gnn-nas,https://github.com/ojimenezn/gnn-nas
singularity-requirements,https://github.com/andy-bridger/singularity-requirements
supercon2,https://github.com/lfoppiano/supercon2
api-examples,https://github.com/Exabyte-io/api-examples
teaching_ds_2023,https://github.com/beritzellerplumhoff/teaching_ds_2023
mp-time-split,https://github.com/sparks-baird/mp-time-split
pthm,https://github.com/elton-ogoshi/pthm
RAC-models,https://github.com/MihirJagtap/RAC-models
dephasing-code-base,https://github.com/jacopos86/dephasing-code-base
ChecMatE,https://github.com/yxguo1021/ChecMatE
phiddle,https://github.com/MingChiangChang/phiddle
diffusion-atoms,https://github.com/findooshka/diffusion-atoms
GEMDAT,https://github.com/GEMDAT-repos/GEMDAT
suballoy,https://github.com/danielcieslinski/suballoy
elastML,https://github.com/sbanik2/elastML
HEAPML,https://github.com/sarmigan/HEAPML
Enhancing_ReaxFF,https://github.com/paolodeangelis/Enhancing_ReaxFF
CALYPSO-kit,https://github.com/ICCMS-CALYPSO/CALYPSO-kit
previsao-renda,https://github.com/jessedatawiz/previsao-renda
crystalPre,https://github.com/TheBestOrNothing-gwh/crystalPre
BPNN,https://github.com/y1u0d2a1i/BPNN
Uni-Mol,https://github.com/deepmodeling/Uni-Mol
mof-adsorbate-initializer,https://github.com/Andrew-S-Rosen/mof-adsorbate-initializer
aimsflow,https://github.com/jic198/aimsflow
cGAN_demo,https://github.com/dovahkiin0022/cGAN_demo
APEX,https://github.com/deepmodeling/APEX
TransWorldNG,https://github.com/SACLabs/TransWorldNG
MetaEvent,https://github.com/Yueeeeeeee/MetaEvent
PiezoTensorNet,https://github.com/Sachinscnpdl/PiezoTensorNet
Advanced_Jobflow_Tutorial,https://github.com/JaGeo/Advanced_Jobflow_Tutorial
BiCrystal,https://github.com/tilaskabengele/BiCrystal
CALYPSO-Bohrium,https://github.com/ICCMS-CALYPSO/CALYPSO-Bohrium
matbench-genmetrics,https://github.com/sparks-baird/matbench-genmetrics
PDynA,https://github.com/WMD-group/PDynA
pyPhaseLabel,https://github.com/MingChiangChang/pyPhaseLabel
mof_screen,https://github.com/Andrew-S-Rosen/mof_screen
BudgetAnalyzer,https://github.com/amrambouskila/BudgetAnalyzer
ActiveStructOpt,https://github.com/Fung-Lab/ActiveStructOpt
pynter,https://github.com/lorenzo-villa-hub/pynter
d3tales_api,https://github.com/D3TaLES/d3tales_api
mat-sim-apps,https://github.com/t-iwamura/mat-sim-apps
pyrovskite,https://github.com/r2stanton/pyrovskite
closed-loop-acceleration-benchmarks,https://github.com/aced-differentiate/closed-loop-acceleration-benchmarks
MoE,https://github.com/rees-c/MoE
oganesson,https://github.com/materialsalchemist/oganesson
MAPI_LLM,https://github.com/maykcaldas/MAPI_LLM
HackingMaterialsUI,https://github.com/zhaoqiwang1997/HackingMaterialsUI
smcp,https://github.com/denyskononenko/smcp
atomate2-openmm,https://github.com/xperrylinn/atomate2-openmm
FDI-BO,https://github.com/elfedwa/FDI-BO
auto-vasper,https://github.com/irumeria/auto-vasper
project_Raman,https://github.com/caneparesearch/project_Raman
magmatdb,https://github.com/shdejavu/magmatdb
aiida-muon,https://github.com/positivemuon/aiida-muon
HouseRocket_Insights,https://github.com/erickfog/HouseRocket_Insights
nonrad,https://github.com/mturiansky/nonrad
ARROWS,https://github.com/njszym/ARROWS
pqam-dparamhu2021,https://github.com/amkrajewski/pqam-dparamhu2021
mkite_catalysis,https://github.com/mkite-group/mkite_catalysis
mkite_vasp,https://github.com/mkite-group/mkite_vasp
mkite_db,https://github.com/mkite-group/mkite_db
mkite_core,https://github.com/mkite-group/mkite_core
Graph-NAS-Materials,https://github.com/aarora4/Graph-NAS-Materials
megnet,https://github.com/materialsvirtuallab/megnet
LDES-Survey,https://github.com/energy-storage-analysis/LDES-Survey
mi_docker_base,https://github.com/kumagallium/mi_docker_base
alignn_lightning,https://github.com/elmizb/alignn_lightning
Jatomate,https://github.com/tsaie79/Jatomate
SynthesisSimilarity,https://github.com/CederGroupHub/SynthesisSimilarity
MaterSDK,https://github.com/lhycms/MaterSDK
PhaseBO,https://github.com/lrcfmd/PhaseBO
diffsims_xl,https://github.com/jordiferrero/diffsims_xl
rcsr-to-cif,https://github.com/jerome-roeser/rcsr-to-cif
matbench-discovery,https://github.com/janosh/matbench-discovery
metalearner-hptunning,https://github.com/DavidTatis/metalearner-hptunning
supercon,https://github.com/lfoppiano/supercon
Crete_workshop,https://github.com/triphysics/Crete_workshop
doped,https://github.com/SMTG-Bham/doped
lobster-database-paper-analysis-scripts,https://github.com/naik-aakash/lobster-database-paper-analysis-scripts
scann--material,https://github.com/sinhvt3421/scann--material
ML4pXRDs,https://github.com/aimat-lab/ML4pXRDs
matview,https://github.com/mjrs33/matview
incawrapper,https://github.com/biosustain/incawrapper
crystalproxies,https://github.com/sh-divya/crystalproxies
PolyCleaver,https://github.com/ericmates/PolyCleaver
cif2ucf,https://github.com/xbunax/cif2ucf
vampire_data_Mn2Au,https://github.com/xbunax/vampire_data_Mn2Au
Electronegativity-Under-Pressure,https://github.com/GCaptainNemo/Electronegativity-Under-Pressure
PyQAlloy,https://github.com/PhasesResearchLab/PyQAlloy
pyGWBSE,https://github.com/cmdlab/pyGWBSE
CraTENet,https://github.com/lantunes/CraTENet
AiM3G,https://github.com/kYangLi/AiM3G
hpc2ml,https://github.com/boliqq07/hpc2ml
streamlit-file-browser,https://github.com/pragmatic-streamlit/streamlit-file-browser
revelsmd,https://github.com/user200000/revelsmd
ai2-kit,https://github.com/chenggroup/ai2-kit
neural-representation-sqw,https://github.com/slaclab/neural-representation-sqw
mxenes,https://github.com/boliqq07/mxenes
bands-inspect,https://github.com/Z2PackDev/bands-inspect
nmrcryspy,https://github.com/mVenetos97/nmrcryspy
decomposing-vibrations,https://github.com/KemalOenen/decomposing-vibrations
superconductors-gnn,https://github.com/cburdine/superconductors-gnn
xafsdb_webserver,https://github.com/San-WierPa/xafsdb_webserver
aviary,https://github.com/CompRhys/aviary
pymatviz,https://github.com/janosh/pymatviz
MOF_workflow,https://github.com/Ray16/MOF_workflow
Abinit,https://github.com/TchapetNjafa/Abinit
comgen,https://github.com/jclymo/comgen
dribble,https://github.com/atomisticnet/dribble
atomate2,https://github.com/tllu/atomate2
reaction-network,https://github.com/R1j1t/reaction-network
dpgen,https://github.com/shdchen/dpgen
CASTING,https://github.com/ssaha26/CASTING
crystaltoolkit,https://github.com/yang-ruoxi/crystaltoolkit
DPGen,https://github.com/Mile-Away/DPGen
atomate2-addon-template,https://github.com/Matgenix/atomate2-addon-template
IDAO-2022,https://github.com/aniketsharma00411/IDAO-2022
pymatgen-analysis-defects,https://github.com/mattmcdermott/pymatgen-analysis-defects
Atom2Vec,https://github.com/fmggggg/Atom2Vec
aiida-lsmo,https://github.com/chrisjsewell/aiida-lsmo
MaterialsIO_WOF6,https://github.com/TrellixVulnTeam/MaterialsIO_WOF6
pyw90,https://github.com/bostonceltics20/pyw90
amof,https://github.com/coudertlab/amof
turbomoleio,https://github.com/wladerer/turbomoleio
pyrho,https://github.com/munrojm/pyrho
composition-based-stability-regression,https://github.com/sparks-baird/composition-based-stability-regression
pylattica,https://github.com/mcgalcode/pylattica
MaterialsIO,https://github.com/jat255/MaterialsIO
synthesis_planning_algorithm,https://github.com/dd-debug/synthesis_planning_algorithm
aiida-gaussian,https://github.com/nanotech-empa/aiida-gaussian
kmk,https://github.com/ericfonseca95/kmk
psiflow,https://github.com/molmod/psiflow
ComRISB,https://github.com/comscope/ComRISB
CrystalGNNs,https://github.com/matbench-submission-coGN/CrystalGNNs
pySIPFENN,https://github.com/PhasesResearchLab/pySIPFENN
aiida-common-workflows,https://github.com/aiidateam/aiida-common-workflows
ElementEmbeddings,https://github.com/WMD-group/ElementEmbeddings
repo-5843-mat2vec,https://github.com/orgTestCodacy11KRepos110MB/repo-5843-mat2vec
QuickFitSNAP,https://github.com/stefanbringuier/QuickFitSNAP
ehull-calculator,https://github.com/dagleaves/ehull-calculator
OgreInterface,https://github.com/DerekDardzinski/OgreInterface
robo_descriptor,https://github.com/hasan-sayeed/robo_descriptor
mDCThermalC,https://github.com/Guodonglin-cqust/mDCThermalC
amset,https://github.com/Guodonglin-cqust/amset
ThermoPlotter1,https://github.com/Guodonglin-cqust/ThermoPlotter1
ThermoPlotter,https://github.com/Guodonglin-cqust/ThermoPlotter
Distance_based_on_Cluster_Analysis,https://github.com/Kazukifujii/Distance_based_on_Cluster_Analysis
Materials-project-workshop,https://github.com/MahendiranDurairaj/Materials-project-workshop
materialsML,https://github.com/andrewrgarcia/materialsML
TLRL,https://github.com/GuptaVishu2002/TLRL
Z2Pack,https://github.com/Z2PackDev/Z2Pack
sdmkm,https://github.com/raffaelecheula/sdmkm
a2f,https://github.com/GitGreg228/a2f
NeuralNetworks,https://github.com/Grischenkov/NeuralNetworks
superconductor-predict,https://github.com/LazarNov/superconductor-predict
machine-learning-the-voltage-of-electrode-materials,https://github.com/nissy-dev/machine-learning-the-voltage-of-electrode-materials
materials-discovery-benchmark,https://github.com/hanfengzhai/materials-discovery-benchmark
lcaonet,https://github.com/nmdl-mizo/lcaonet
CCS,https://github.com/Teoroo-CMC/CCS
Ogre,https://github.com/Shuyangzero/Ogre
mof_tda,https://github.com/TRI-AMDD/mof_tda
ICSDle,https://github.com/TRI-AMDD/ICSDle
PolyRot,https://github.com/rduke199/PolyRot
support,https://github.com/nebaskov/support
cif_check,https://github.com/kjappelbaum/cif_check
cgcnndefect,https://github.com/mwitman1/cgcnndefect
AdaptiveXRD,https://github.com/njszym/AdaptiveXRD
pysktb,https://github.com/santoshkumarradha/pysktb
htp_md,https://github.com/TRI-AMDD/htp_md
dlqmc-project,https://github.com/noegroup/dlqmc-project
equivariant_crystal_networks,https://github.com/oumarkaba/equivariant_crystal_networks
xas-tools,https://github.com/atomisticnet/xas-tools
structure_comp,https://github.com/kjappelbaum/structure_comp
GraphCoarsening,https://github.com/Chen-Cai-OSU/GraphCoarsening
OCP_streamlit,https://github.com/flash-jaehyun/OCP_streamlit
roost,https://github.com/CompRhys/roost
pymatgen-analysis-alloys,https://github.com/materialsproject/pymatgen-analysis-alloys
VTAnDeM,https://github.com/ertekin-research-group/VTAnDeM
hpc_results_v2.0,https://github.com/mlcommons/hpc_results_v2.0
VASPsol_python,https://github.com/ericfonseca95/VASPsol_python
crysxpp,https://github.com/kdmsit/crysxpp
simulation-db,https://github.com/JiKyungBeom/simulation-db
ML-DFT,https://github.com/Ramprasad-Group/ML-DFT
baldar,https://github.com/kfiramar/baldar
single-atom-alloys,https://github.com/sudarshanv01/single-atom-alloys
pymatgen-io-lammps,https://github.com/Matgenix/pymatgen-io-lammps
cpystal,https://github.com/AP2020MU/cpystal
pythermo,https://github.com/seshasaibehara/pythermo
BERTOS,https://github.com/usccolumbia/BERTOS
unitcellsampling,https://github.com/HannGust/unitcellsampling
PyXtal_Scripts,https://github.com/rajeshprasanth/PyXtal_Scripts
BVlain,https://github.com/dembart/BVlain
matgl,https://github.com/materialsvirtuallab/matgl
ml-te,https://github.com/Tohtoolkar/ml-te
materialsUQ,https://github.com/usccolumbia/materialsUQ
flask_site,https://github.com/tcpekin/flask_site
matminer-0.6.5-timed,https://github.com/rogeriog/matminer-0.6.5-timed
Multitasking_FEFF_calculator,https://github.com/kaifengZheng/Multitasking_FEFF_calculator
sl_discovery,https://github.com/CitrineInformatics-ERD-public/sl_discovery
Disease-Prediction-Centre,https://github.com/mdarshad1000/Disease-Prediction-Centre
orgdisord,https://github.com/CCP-NC/orgdisord
MOFTransformer,https://github.com/hspark1212/MOFTransformer
interpretable-condition-prediction,https://github.com/olivettigroup/interpretable-condition-prediction
corapy,https://github.com/mbagheri20/corapy
atomman-gb,https://github.com/lan496/atomman-gb
torch-m3gnet,https://github.com/lan496/torch-m3gnet
webflask,https://github.com/ayushnvs/webflask
compchem_toolkit,https://github.com/ireaml/compchem_toolkit
kMCpy,https://github.com/caneparesearch/kMCpy
pyddt,https://github.com/rafaela-felix/pyddt
phtools,https://github.com/yw-fang/phtools
Pymatsci,https://github.com/clqin-newbie/Pymatsci
interface_master,https://github.com/nmdl-mizo/interface_master
pycc4s,https://github.com/cc4s/pycc4s
DeepIFC,https://github.com/timonenv/DeepIFC
gvasp,https://github.com/Rasic2/gvasp
ASAP,https://github.com/MuhichLab/ASAP
CrystalStructureManipulation,https://github.com/CharlesCardot/CrystalStructureManipulation
pypi-install,https://github.com/jiangtianyu2009/pypi-install
aiida-kkr,https://github.com/JuDFTteam/aiida-kkr
gridrdf,https://github.com/CumbyLab/gridrdf
elastic-tools,https://github.com/t-iwamura/elastic-tools
topwave,https://github.com/nheinsdorf/topwave
Export_traj_to_mongo,https://github.com/JPBergsma/Export_traj_to_mongo
precomplex_generator,https://github.com/basf/precomplex_generator
mof_defect_builder,https://github.com/zyu331/mof_defect_builder
intrinsic-hardness,https://github.com/salil91/intrinsic-hardness
matCL-knnAD,https://github.com/kumagallium/matCL-knnAD
abICS,https://github.com/issp-center-dev/abICS
mtransformer,https://github.com/usccolumbia/mtransformer
pymatgen-io-openmm,https://github.com/orionarcher/pymatgen-io-openmm
mat2vec-demos,https://github.com/arupakaa/mat2vec-demos
asebasic,https://github.com/kianpu34593/asebasic
DeepH-pack,https://github.com/mzjb/DeepH-pack
dsenum,https://github.com/lan496/dsenum
google-research,https://github.com/slowy07/google-research
xtal2png,https://github.com/sparks-baird/xtal2png
B5Net,https://github.com/NU-CUCIS/B5Net
iemap-api,https://github.com/ai4mat/iemap-api
dephasing-code-project,https://github.com/jacopos86/dephasing-code-project
mi-book-2022,https://github.com/enze-chen/mi-book-2022
eos-tools,https://github.com/t-iwamura/eos-tools
esm-for-solid,https://github.com/4psireal2/esm-for-solid
jax-xtal,https://github.com/lan496/jax-xtal
jarvis,https://github.com/cnxtech/jarvis
perovskite_intercalation,https://github.com/kevinwhitham/perovskite_intercalation
aiida-core,https://github.com/blokhin/aiida-core
matminer,https://github.com/blokhin/matminer
HT-tools,https://github.com/bxiao5050/HT-tools
rsepedia-analysis,https://github.com/rseng/rsepedia-analysis
cocrystals,https://github.com/katerinavr/cocrystals
SEI_builder,https://github.com/paolodeangelis/SEI_builder
automaterials,https://github.com/r-mouta/automaterials
atomate,https://github.com/elevatedesigner/atomate
material-screening,https://github.com/eren125/material-screening
MatDeepLearn_DOS,https://github.com/vxfung/MatDeepLearn_DOS
para-mlp,https://github.com/t-iwamura/para-mlp
NanoParticleTools,https://github.com/BlauGroup/NanoParticleTools
MOFNet,https://github.com/Matgen-project/MOFNet
phonondos_e3nn,https://github.com/zhantaochen/phonondos_e3nn
International-Data-Analysis-Olympiad-2022,https://github.com/QuyAnh2005/International-Data-Analysis-Olympiad-2022
pychemcurv-app,https://github.com/gVallverdu/pychemcurv-app
xrd_match,https://github.com/egonik-unlp/xrd_match
PyXtal_FF,https://github.com/MaterSim/PyXtal_FF
softcake,https://github.com/jiangtianyu2009/softcake
smol,https://github.com/CederGroupHub/smol
LobsterPy,https://github.com/JaGeo/LobsterPy
mcode,https://github.com/MehmetTopsakal/mcode
GATGNN-VOLTAGE,https://github.com/superlouis/GATGNN-VOLTAGE
mlearn,https://github.com/materialsvirtuallab/mlearn
CD_FerroelectricSearch,https://github.com/DCChemistry/CD_FerroelectricSearch
Stoichiometric,https://github.com/jherfson/Stoichiometric
alloy2vec,https://github.com/peizong/alloy2vec
semtk-python3,https://github.com/ge-semtk/semtk-python3
mcse,https://github.com/manny405/mcse
ssptools,https://github.com/martin-eom/ssptools
MEGNet_PyTorch,https://github.com/RomanovIgnat/MEGNet_PyTorch
Finder,https://github.com/ihalage/Finder
PyTASER,https://github.com/WMD-group/PyTASER
ValenceSolver,https://github.com/CederGroupHub/ValenceSolver
ml_dockerfiles,https://github.com/kiyou/ml_dockerfiles
xrd_clustering,https://github.com/hoidn/xrd_clustering
MatDGL,https://github.com/huzongxiang/MatDGL
matador,https://github.com/ezpzbz/matador
PopOff,https://github.com/ezpzbz/PopOff
bsym,https://github.com/ezpzbz/bsym
vasppy,https://github.com/ezpzbz/vasppy
aiida-cusp,https://github.com/ezpzbz/aiida-cusp
nvcs,https://github.com/lan496/nvcs
Abinito-Studio,https://github.com/zhoupan71234/Abinito-Studio
Xerus,https://github.com/pedrobcst/Xerus
quacc,https://github.com/Quantum-Accelerators/quacc
Hetero2d,https://github.com/cmdlab/Hetero2d
s4,https://github.com/CederGroupHub/s4
AugLiChem,https://github.com/BaratiLab/AugLiChem
superconductor_model,https://github.com/uw-cmg/superconductor_model
phonon-dispersion-projections,https://github.com/badw/phonon-dispersion-projections
material-parsers,https://github.com/lfoppiano/material-parsers
diffusion_model,https://github.com/uw-cmg/diffusion_model
phononDoS_tutorial,https://github.com/ninarina12/phononDoS_tutorial
py4DSTEM_tutorials,https://github.com/py4dstem/py4DSTEM_tutorials
blog,https://github.com/Denys-Panin/blog
py-sc-fermi,https://github.com/bjmorgan/py-sc-fermi
DiSPy,https://github.com/munrojm/DiSPy
gibbsml,https://github.com/atomisticnet/gibbsml
mech2d,https://github.com/haidi-ustc/mech2d
curie_calculator,https://github.com/Volkov-da/curie_calculator
ase-db-extension,https://github.com/boliqq07/ase-db-extension
milad-paper-2021,https://github.com/muhrin/milad-paper-2021
pawpyseed,https://github.com/kylebystrom/pawpyseed
ShakeNBreak,https://github.com/SMTG-Bham/ShakeNBreak
xrpostprocessing,https://github.com/michelegalasso/xrpostprocessing
oxygen_vacancies_db,https://github.com/kumagai-group/oxygen_vacancies_db
pymatgen-io-fleur,https://github.com/JuDFTteam/pymatgen-io-fleur
featurebox-chinese,https://github.com/boliqq07/featurebox-chinese
mlcms_general,https://github.com/arthurfl/mlcms_general
gallop,https://github.com/mspillman/gallop
pacmof,https://github.com/arung-northwestern/pacmof
perovskite,https://github.com/boliqq07/perovskite
active_learning,https://github.com/leschultz/active_learning
mofchecker,https://github.com/lamalab-org/mofchecker
skipatom,https://github.com/lantunes/skipatom
CURATED-COFs,https://github.com/danieleongari/CURATED-COFs
BRNet,https://github.com/NU-CUCIS/BRNet
piro,https://github.com/TRI-AMDD/piro
pyCOFBuilder,https://github.com/lipelopesoliveira/pyCOFBuilder
mi-book-2021,https://github.com/enze-chen/mi-book-2021
perovgen,https://github.com/jgp505/perovgen
construction_zone,https://github.com/lerandc/construction_zone
CrossPropertyTL,https://github.com/NU-CUCIS/CrossPropertyTL
featurebox,https://github.com/boliqq07/featurebox
CAMD,https://github.com/TRI-AMDD/CAMD
application-flavors,https://github.com/Exabyte-io/application-flavors
easyvasp,https://github.com/999938825/easyvasp
lazy_vasping,https://github.com/alexsquires/lazy_vasping
HOI-CL,https://github.com/zhihou7/HOI-CL
FCL,https://github.com/zhihou7/FCL
pymatgen-addon-template,https://github.com/materialsproject/pymatgen-addon-template
maml-apps-rfxas,https://github.com/materialsvirtuallab/maml-apps-rfxas
OctaDist,https://github.com/OctaDist/OctaDist
VOID,https://github.com/learningmatter-mit/VOID
CIFretriver,https://github.com/AlexiLJ/CIFretriver
ARCHIVED-dfttk-20210211,https://github.com/PhasesResearchLab/ARCHIVED-dfttk-20210211
dfttk-2021,https://github.com/PhasesResearchLab/dfttk-2021
HEAhydrideTK,https://github.com/mwitman1/HEAhydrideTK
MatLego,https://github.com/GCaptainNemo/MatLego
MOF_color,https://github.com/davidtangGT/MOF_color
Materials-Search,https://github.com/davidtangGT/Materials-Search
aiida-optimade,https://github.com/aiidateam/aiida-optimade
automag,https://github.com/michelegalasso/automag
colorml,https://github.com/kjappelbaum/colorml
veidt,https://github.com/materialsvirtuallab/veidt
exaparser,https://github.com/Exabyte-io/exaparser
pydefect,https://github.com/kumagai-group/pydefect
gulpy,https://github.com/learningmatter-mit/gulpy
mofcolorizer,https://github.com/kjappelbaum/mofcolorizer
dogss,https://github.com/ulissigroup/dogss
mrnet,https://github.com/BlauGroup/mrnet
mit_model_code,https://github.com/MTD-group/mit_model_code
nglview,https://github.com/jcmartinmu/nglview
MatGAN,https://github.com/originofmatter/MatGAN
surfaxe,https://github.com/SMTG-Bham/surfaxe
xrd-tools,https://github.com/cheminfo-py/xrd-tools
unlockNN,https://github.com/a-ws-m/unlockNN
find_rod_mofs,https://github.com/kjappelbaum/find_rod_mofs
oxi_diel_db,https://github.com/takahashi-akira-36m/oxi_diel_db
icsg3d,https://github.com/by256/icsg3d
MAELAS,https://github.com/pnieves2019/MAELAS
vasp-scripts,https://github.com/phillpot-group/vasp-scripts
trixs,https://github.com/TRI-AMDD/trixs
quantumML,https://github.com/JasonGibsonUfl/quantumML
mof,https://github.com/scidatasoft/mof
materialsweb,https://github.com/JasonGibsonUfl/materialsweb
code-snippets,https://github.com/IMTEK-Simulation/code-snippets
aiida-core-i18n,https://github.com/unkcpz/aiida-core-i18n
vasp,https://github.com/skatesqueaker/vasp
ThermoParser,https://github.com/SMTG-Bham/ThermoParser
bsf,https://github.com/bcatoto/bsf
MPcat,https://github.com/espottesmith/MPcat
oximachinerunner,https://github.com/kjappelbaum/oximachinerunner
PORMAKE,https://github.com/Sangwon91/PORMAKE
optimade-python-tools,https://github.com/Materials-Consortia/optimade-python-tools
BAP,https://github.com/badw/BAP
wavecar2unk,https://github.com/mturiansky/wavecar2unk
jupyterhub-k8-sus,https://github.com/ns-globus-autobuilds/jupyterhub-k8-sus
projBNN,https://github.com/fronzi/projBNN
NuclearityCalculation,https://github.com/ulissigroup/NuclearityCalculation
material_embedding,https://github.com/HFooladi/material_embedding
aiida-docker-compose,https://github.com/chrisjsewell/aiida-docker-compose
data_argyrodite_disorder,https://github.com/bjmorgan/data_argyrodite_disorder
MaterialsCombiner,https://github.com/SeJV/MaterialsCombiner
tools-barebone,https://github.com/materialscloud-org/tools-barebone
tools-seekpath,https://github.com/materialscloud-org/tools-seekpath
jexchange,https://github.com/wch3n/jexchange
modnet,https://github.com/ppdebreuck/modnet
questaal-reader,https://github.com/santoshkumarradha/questaal-reader
ReSNAP,https://github.com/htz1992213/ReSNAP
NaxCoO2-Superconductivity,https://github.com/santoshkumarradha/NaxCoO2-Superconductivity
xrd_analysis_workflow,https://github.com/flaviu-gostin/xrd_analysis_workflow
membrane-toolkit,https://github.com/rkingsbury/membrane-toolkit
Quiz_api,https://github.com/SaemJeon/Quiz_api
maptool,https://github.com/haidi-ustc/maptool
Digit-chemical-lab,https://github.com/chouki-zhang/Digit-chemical-lab
web_app,https://github.com/GIR0/web_app
ml_material_tutorials,https://github.com/chc273/ml_material_tutorials
Protosearch,https://github.com/SUNCAT-Center/Protosearch
pychemcurv,https://github.com/gVallverdu/pychemcurv
vise,https://github.com/kumagai-group/vise
surfgen,https://github.com/hezhengda/surfgen
aiida-tbextraction,https://github.com/greschd/aiida-tbextraction
crawler-service,https://github.com/xtracthub/crawler-service
api,https://github.com/materialsproject/api
xtract-service,https://github.com/xtracthub/xtract-service
nano281,https://github.com/materialsvirtuallab/nano281
IRNet,https://github.com/NU-CUCIS/IRNet
pwmat_dpgen,https://github.com/HongzhenTian/pwmat_dpgen
Materials,https://github.com/MyungjaeKIM/Materials
pwmat_dpdata,https://github.com/HongzhenTian/pwmat_dpdata
DNN-QSPR,https://github.com/frearb/DNN-QSPR
herd-immunity,https://github.com/MakeMeSenpai/herd-immunity
Contractor,https://github.com/Rasenku/Contractor
GOFEE_Pt_V_supported,https://github.com/sivachiriki/GOFEE_Pt_V_supported
Playlister,https://github.com/Rasenku/Playlister
PaulingPublication,https://github.com/JaGeo/PaulingPublication
capstone,https://github.com/Rasenku/capstone
MPWorks,https://github.com/materialsproject/MPWorks
namsa,https://github.com/nlaanait/namsa
swpp2019-team10,https://github.com/swsnu/swpp2019-team10
PyXtal,https://github.com/MaterSim/PyXtal
charge_carriers_data,https://github.com/FaradayInstitution/charge_carriers_data
vasprun,https://github.com/MaterSim/vasprun
z2jh-gcp,https://github.com/rpwagnerbuilds/z2jh-gcp
materials-coord,https://github.com/hackingmaterials/materials-coord
PiNN,https://github.com/Teoroo-CMC/PiNN
layeredMaterialToolKit,https://github.com/eminamitani/layeredMaterialToolKit
ucbviz2019,https://github.com/calgraddata/ucbviz2019
anglefinder,https://github.com/olegjanson/anglefinder
abcv,https://github.com/mturiansky/abcv
AI-Microreactor,https://github.com/davidhodev/AI-Microreactor
myfastai,https://github.com/njean78/myfastai
matstract,https://github.com/LeighWeston86/matstract
gemd-python,https://github.com/CitrineInformatics/gemd-python
DSE_challenge,https://github.com/ckborg/DSE_challenge
mcr3,https://github.com/lxy1991/mcr3
MD2-lab,https://github.com/pmitev/MD2-lab
jupyter,https://github.com/pmitev/jupyter
pytopomat,https://github.com/ncfrey/pytopomat
icsd_drone,https://github.com/kmu/icsd_drone
matsci-nlp-cleaner,https://github.com/epochxero/matsci-nlp-cleaner
mep,https://github.com/chc273/mep
material-predictions,https://github.com/matSciMalcolm/material-predictions
xrdphase,https://github.com/NSLS-II-PDF/xrdphase
GraphDot,https://github.com/yhtang/GraphDot
xtract-matio,https://github.com/xtracthub/xtract-matio
site-analysis,https://github.com/bjmorgan/site-analysis
dpdb,https://github.com/haidi-ustc/dpdb
molecular_conformations_ML,https://github.com/wood-b/molecular_conformations_ML
dbaAutomator,https://github.com/xingyu-alfred-liu/dbaAutomator
pumml,https://github.com/ncfrey/pumml
lammps_interface,https://github.com/medford-group/lammps_interface
vsc-workflows,https://github.com/mbercx/vsc-workflows
mat2vec,https://github.com/materialsintelligence/mat2vec
matscholar-web,https://github.com/materialsintelligence/matscholar-web
arpes,https://github.com/chstan/arpes
matscholar,https://github.com/materialsintelligence/matscholar
dftman,https://github.com/zooks97/dftman
pycdt,https://github.com/mbkumar/pycdt
pyputil,https://github.com/colin-daniels/pyputil
automatminer,https://github.com/hackingmaterials/automatminer
matsci_dreams_2019,https://github.com/bvarjavand/matsci_dreams_2019
scythe,https://github.com/materials-data-facility/scythe
Project-3-DFT-and-ML,https://github.com/mse215/Project-3-DFT-and-ML
miworkshop,https://github.com/materialsvirtuallab/miworkshop
SMACT,https://github.com/WMD-group/SMACT
PhaseDiagramUtils,https://github.com/levi-ufma/PhaseDiagramUtils
PlotPhaseStabilityRange,https://github.com/levi-ufma/PlotPhaseStabilityRange
mactravis,https://github.com/SINGROUP/mactravis
SurfinPy,https://github.com/symmy596/SurfinPy
robocrystallographer,https://github.com/hackingmaterials/robocrystallographer
tensoralloy,https://github.com/Bismarrck/tensoralloy
cluskit,https://github.com/SINGROUP/cluskit
ml-services,https://github.com/scidatasoft/ml-services
functionals,https://github.com/kris-brown/functionals
spyns,https://github.com/jkglasbrenner/spyns
mt-cgcnn,https://github.com/soumyasanyal/mt-cgcnn
siman,https://github.com/dimonaks/siman
ElemNet,https://github.com/NU-CUCIS/ElemNet
aimsgb,https://github.com/ksyang2013/aimsgb
dataspace,https://github.com/dyllamt/dataspace
OpenDFT,https://github.com/JannickWeisshaupt/OpenDFT
fplore,https://github.com/mueslo/fplore
Open-Labs---GEMM---CDM,https://github.com/MuriloHMoreira/Open-Labs---GEMM---CDM
ai4materials,https://github.com/angeloziletti/ai4materials
Thermodynamics,https://github.com/levi-ufma/Thermodynamics
digit_identifier,https://github.com/aricl/digit_identifier
matsim,https://github.com/chc273/matsim
cif-file-ingester,https://github.com/CitrineInformatics/cif-file-ingester
datamaterials-neighbormodels,https://github.com/jkglasbrenner/datamaterials-neighbormodels
workshop,https://github.com/materialsproject/workshop
crystal_torture,https://github.com/connorourke/crystal_torture
lammps-cython-notebooks,https://github.com/costrouc/lammps-cython-notebooks
dlhub_examples,https://github.com/DLHub-Argonne/dlhub_examples
dscribe,https://github.com/SINGROUP/dscribe
open_metal_detector,https://github.com/emmhald/open_metal_detector
mse-machinelearning-notebooks,https://github.com/costrouc/mse-machinelearning-notebooks
Moltherm,https://github.com/peiyuan-yu/Moltherm
dftfit,https://github.com/costrouc/dftfit
interface_stability,https://github.com/mogroupumd/interface_stability
MAST-ML,https://github.com/uw-cmg/MAST-ML
ipyatom,https://github.com/chrisjsewell/ipyatom
xrsdkit,https://github.com/scattering-central/xrsdkit
strain,https://github.com/greschd/strain
TBmodels,https://github.com/Z2PackDev/TBmodels
CatalysisHubBackend,https://github.com/SUNCAT-Center/CatalysisHubBackend
beagle,https://github.com/bjmorgan/beagle
ORGANIC,https://github.com/aspuru-guzik-group/ORGANIC
XenonPy,https://github.com/yoshida-lab/XenonPy
ml-quaternary-heuslers,https://github.com/WardLT/ml-quaternary-heuslers
pandas3js,https://github.com/chrisjsewell/pandas3js
matgenie,https://github.com/materialsvirtuallab/matgenie
scikit-nano,https://github.com/scikit-nano/scikit-nano
pyxem,https://github.com/pyxem/pyxem
TEMANN,https://github.com/Luochenghuang/TEMANN
garnetdnn,https://github.com/materialsvirtuallab/garnetdnn
propnet,https://github.com/materialsintelligence/propnet
abitutorials,https://github.com/abinit/abitutorials
polyhedral-analysis,https://github.com/bjmorgan/polyhedral-analysis
aimd,https://github.com/mogroupumd/aimd
gbml,https://github.com/materialsproject/gbml
pseudo_dojo,https://github.com/abinit/pseudo_dojo
magneupy,https://github.com/guyest/magneupy
quotas,https://github.com/mbercx/quotas
PeakPo,https://github.com/SHDShim/PeakPo
pybat,https://github.com/mbercx/pybat
pymatgen-analysis-diffusion,https://github.com/materialsvirtuallab/pymatgen-analysis-diffusion
pymatgen-db,https://github.com/materialsproject/pymatgen-db
abitools,https://github.com/GkAntonius/abitools
chemcoord,https://github.com/mcocdawc/chemcoord
MPContribs,https://github.com/materialsproject/MPContribs
pydii,https://github.com/pydii/pydii
cage,https://github.com/mbercx/cage
sqsgenerator,https://github.com/dgehringer/sqsgenerator
aiida_symmetry_representation,https://github.com/greschd/aiida_symmetry_representation
HTGW,https://github.com/setten/HTGW
GASP-python,https://github.com/henniggroup/GASP-python
dihedral_model,https://github.com/wood-b/dihedral_model
twod_materials,https://github.com/ashtonmv/twod_materials
masseff,https://github.com/wch3n/masseff
BGWpy,https://github.com/BerkeleyGW/BGWpy
symmetry_representation,https://github.com/Z2PackDev/symmetry_representation
materials-toolbox,https://github.com/utf/materials-toolbox
connect_server,https://github.com/materials-data-facility/connect_server
MAST,https://github.com/uw-cmg/MAST
